Feeling Prevalence,
0.27438300000000004,
3.719558,
0.062076,
0.172433,
0.966261